main_topic,sub_topic
Environmental issues,Climate change
Environmental issues,Air pollution
Environmental issues,Water pollution
Environmental issues,Deforestation
Environmental issues,Soil degradation and erosion
Environmental issues,Loss of biodiversity
Environmental issues,Overpopulation
Environmental issues,Waste management and recycling
Environmental issues,Ocean acidification
Environmental issues,Ozone depletion
Environmental issues,Endangered species and conservation efforts
Environmental issues,Sustainable agriculture
Environmental issues,Renewable energy sources
Environmental issues,Fossil fuel consumption and alternatives
Environmental issues,Urbanization and land use
Environmental issues,Environmental policy and regulations
Environmental issues,Environmental education and awareness
Environmental issues,Environmental justice and ethics
Environmental issues,Impact of industrialization on the environment
Environmental issues,Role of technology in addressing environmental issues
Education,Early childhood education
Education,K-12 education system
Education,Higher education and universities
Education,Online learning and distance education
Education,Special education and inclusion
Education,Vocational and technical education
Education,Adult education and lifelong learning
Education,Teaching methodologies and strategies
Education,Assessment and evaluation methods
Education,Curriculum development and implementation
Education,Education policy and reform
Education,Teacher training and professional development
Education,Role of technology in education
Education,Educational psychology
Education,Multicultural and bilingual education
Education,Gender and education
Education,Socioeconomic factors in education
Education,Access to education and educational equity
Education,Education and economic development
Education,Education and social change
Technology,Artificial intelligence and machine learning
Technology,Robotics and automation
Technology,Information and communication technology (ICT)
Technology,Cybersecurity and data privacy
Technology,Internet of Things (IoT)
Technology,Virtual reality (VR) and augmented reality (AR)
Technology,Blockchain and cryptocurrencies
Technology,Cloud computing and big data
Technology,Biotechnology and genetic engineering
Technology,Nanotechnology
Technology,Renewable energy and clean technologies
Technology,Space exploration and satellite technology
Technology,3D printing and additive manufacturing
Technology,Transportation and mobility innovations
Technology,Smart cities and urban planning
Technology,Telecommunications and networking
Technology,Gaming industry and game development
Technology,Social media and online communication
Technology,E-commerce and digital economy
Technology,Technological advancements and their impact on society
Health and Medicine,Mental health and well-being
Health and Medicine,Physical health and fitness
Health and Medicine,Nutrition and diet
Health and Medicine,Disease prevention and control
Health and Medicine,Infectious diseases and pandemics
Health and Medicine,Non-communicable diseases
Health and Medicine,Vaccination and immunization
Health and Medicine,Healthcare systems and policies
Health and Medicine,Medical research and development
Health and Medicine,Alternative and complementary medicine
Health and Medicine,Pharmaceutical industry and drug development
Health and Medicine,Medical technologies and innovations
Health and Medicine,Aging and geriatrics
Health and Medicine,Genetics and personalized medicine
Health and Medicine,Reproductive health and family planning
Health and Medicine,Mental health treatments and therapies
Health and Medicine,Substance abuse and addiction
Health and Medicine,Environmental health and pollution
Health and Medicine,Health inequalities and disparities
Health and Medicine,Health education and promotion
Globalization,International trade and commerce
Globalization,Multinational corporations
Globalization,Global economic development
Globalization,Outsourcing and offshoring
Globalization,Cross-cultural communication and understanding
Globalization,Immigration and migration
Globalization,Tourism and travel
Globalization,Cultural exchange and diversity
Globalization,Global governance and international organizations
Globalization,International law and agreements
Globalization,Global security and conflict resolution
Globalization,Human rights and social justice
Globalization,Climate change and environmental issues
Globalization,Global public health and pandemics
Globalization,Poverty and inequality
Globalization,Access to education and technology
Globalization,Global food production and distribution
Globalization,Population growth and urbanization
Globalization,The digital divide and internet access
Globalization,The future of work and the gig economy
Employment and job market,Job market trends and forecasts
Employment and job market,The impact of technology on jobs
Employment and job market,Job search strategies and networking
Employment and job market,Resume writing and interview skills
Employment and job market,Skill development and training
Employment and job market,Entrepreneurship and self-employment
Employment and job market,Work-life balance and job satisfaction
Employment and job market,Workplace diversity and inclusion
Employment and job market,Labor rights and unions
Employment and job market,Compensation and benefits
Employment and job market,Remote work and telecommuting
Employment and job market,Freelancing and the gig economy
Employment and job market,Internships and apprenticeships
Employment and job market,Job market for recent graduates
Employment and job market,Career development and progression
Employment and job market,Occupational health and safety
Employment and job market,Employee retention and motivation
Employment and job market,Job market in developing countries
Employment and job market,The impact of economic policy on employment
Employment and job market,Unemployment and underemployment
Urban and rural life,Urbanization and its effects
Urban and rural life,Infrastructure and public services
Urban and rural life,Housing and real estate
Urban and rural life,Transportation and commuting
Urban and rural life,Urban planning and development
Urban and rural life,Environmental challenges in urban areas
Urban and rural life,Crime and safety in urban areas
Urban and rural life,Cultural and social aspects of urban life
Urban and rural life,Economic opportunities in urban areas
Urban and rural life,Rural development and revitalization
Urban and rural life,Agriculture and food production
Urban and rural life,Natural resources and land management
Urban and rural life,Environmental challenges in rural areas
Urban and rural life,Cultural and social aspects of rural life
Urban and rural life,Education and healthcare in rural areas
Urban and rural life,Economic opportunities in rural areas
Urban and rural life,Rural tourism and ecotourism
Urban and rural life,Migration between urban and rural areas
Urban and rural life,The role of government in urban and rural development
Urban and rural life,Community engagement and activism
Cultural differences,Language and communication styles
Cultural differences,Nonverbal communication
Cultural differences,Social norms and etiquette
Cultural differences,Values and beliefs
Cultural differences,Religion and spirituality
Cultural differences,Family structure and roles
Cultural differences,Gender roles and expectations
Cultural differences,Education and learning styles
Cultural differences,Work culture and business practices
Cultural differences,Arts and literature
Cultural differences,Music and dance
Cultural differences,Traditional clothing and fashion
Cultural differences,Food and cuisine
Cultural differences,Festivals and celebrations
Cultural differences,National identity and patriotism
Cultural differences,Stereotypes and generalizations
Cultural differences,Intercultural communication and understanding
Cultural differences,Cultural adaptation and assimilation
Cultural differences,Globalization and its impact on culture
Cultural differences,The role of media in shaping cultural perceptions
Social issues,Poverty and income inequality
Social issues,Homelessness
Social issues,Racism and discrimination
Social issues,Sexism and gender inequality
Social issues,Ageism
Social issues,Immigration and refugees
Social issues,Human rights and civil liberties
Social issues,Crime and punishment
Social issues,Gun control and violence
Social issues,Child abuse and neglect
Social issues,Substance abuse and addiction
Social issues,Mental health and mental illness
Social issues,Bullying and cyberbullying
Social issues,LGBTQ+ rights and acceptance
Social issues,Social media and its impact on society
Social issues,Education reform
Social issues,Healthcare and access to medical services
Social issues,Environmental justice
Social issues,Animal rights and welfare
Social issues,Political activism and social movements
Economics,Supply and demand
Economics,Market structures
Economics,Fiscal policy
Economics,Monetary policy
Economics,Inflation and deflation
Economics,Economic growth and development
Economics,Unemployment
Economics,International trade and globalization
Economics,Exchange rates and currency markets
Economics,Government intervention in markets
Economics,Taxation and government spending
Economics,Income inequality and wealth distribution
Economics,Public goods and externalities
Economics,Labor market and wage determination
Economics,Consumer behavior
Economics,Business cycles and recessions
Economics,Economic indicators and measurements
Economics,"Savings, investment, and capital markets"
Economics,Financial markets and institutions
Economics,Competition and antitrust policy
Politics and government,Political systems
Politics and government,Democracy
Politics and government,Authoritarianism and totalitarianism
Politics and government,Political ideologies
Politics and government,Political parties and elections
Politics and government,Political institutions and processes
Politics and government,Separation of powers
Politics and government,Human rights and civil liberties
Politics and government,International relations and diplomacy
Politics and government,National security and defense
Politics and government,Public policy and social welfare
Politics and government,Government regulation and intervention
Politics and government,Political corruption and scandals
Politics and government,Public opinion and political culture
Politics and government,Political activism and social movements
Politics and government,Political history and events
Politics and government,Constitutional law and judicial systems
Politics and government,Federalism and intergovernmental relations
Politics and government,Immigration and citizenship
Politics and government,Political economy and development
Travel and tourism,Types of tourism
Travel and tourism,Cultural tourism
Travel and tourism,Adventure tourism
Travel and tourism,Ecotourism
Travel and tourism,Historical tourism
Travel and tourism,Food and culinary tourism
Travel and tourism,Sports tourism
Travel and tourism,Medical tourism
Travel and tourism,Business and conference tourism
Travel and tourism,Agritourism
Travel and tourism,Religious and spiritual tourism
Travel and tourism,Sustainable and responsible tourism
Travel and tourism,Accessible tourism
Travel and tourism,Travel safety and security
Travel and tourism,Travel agencies and tour operators
Travel and tourism,Hotels and accommodations
Travel and tourism,Transportation and infrastructure
Travel and tourism,Attractions and landmarks
Travel and tourism,Cultural differences and customs
Travel and tourism,Travel planning and budgeting
Arts and entertainment,Visual arts
Arts and entertainment,Painting
Arts and entertainment,Sculpture
Arts and entertainment,Photography
Arts and entertainment,Film and cinema
Arts and entertainment,Television
Arts and entertainment,Theater and drama
Arts and entertainment,Music
Arts and entertainment,Dance
Arts and entertainment,Opera and classical music
Arts and entertainment,Jazz and blues music
Arts and entertainment,Rock and pop music
Arts and entertainment,World and folk music
Arts and entertainment,Electronic and experimental music
Arts and entertainment,Literature and poetry
Arts and entertainment,Fiction and non-fiction
Arts and entertainment,Graphic novels and comics
Arts and entertainment,Journalism and media
Arts and entertainment,Art and cultural festivals
Arts and entertainment,Art galleries and museums
Science and research,Physics
Science and research,Chemistry
Science and research,Biology
Science and research,Earth science
Science and research,Astronomy and space exploration
Science and research,Mathematics
Science and research,Computer science and artificial intelligence
Science and research,Engineering and technology
Science and research,Environmental science and ecology
Science and research,Genetics and genomics
Science and research,Neuroscience and psychology
Science and research,Medicine and medical research
Science and research,Nutrition and food science
Science and research,Climate science and meteorology
Science and research,Oceanography and marine science
Science and research,Agriculture and farming
Science and research,Energy and renewable resources
Science and research,Archaeology and anthropology
Science and research,Materials science and nanotechnology
Science and research,Scientific ethics and research methods
Communication and media,Newspapers and print journalism
Communication and media,Television and broadcast journalism
Communication and media,Radio and podcasting
Communication and media,Internet and online journalism
Communication and media,Social media and networking
Communication and media,Advertising and marketing
Communication and media,Public relations and corporate communication
Communication and media,Multimedia and digital storytelling
Communication and media,Investigative journalism and fact-checking
Communication and media,Photojournalism and visual communication
Communication and media,Media ethics and regulation
Communication and media,Media ownership and concentration
Communication and media,Media representation and diversity
Communication and media,Media and politics
Communication and media,Media and society
Communication and media,Media literacy and education
Communication and media,Media and technology
Communication and media,Media history and development
Communication and media,Media and culture
Communication and media,Film and cinema
Ethics and morality,Moral philosophy and theories
Ethics and morality,Utilitarianism
Ethics and morality,Deontology
Ethics and morality,Virtue ethics
Ethics and morality,Moral relativism
Ethics and morality,Moral absolutism
Ethics and morality,Rights and responsibilities
Ethics and morality,Consequentialism
Ethics and morality,Human dignity and worth
Ethics and morality,Personal integrity and honesty
Ethics and morality,Justice and fairness
Ethics and morality,Altruism and self-interest
Ethics and morality,Truth-telling and lying
Ethics and morality,Freedom and autonomy
Ethics and morality,Goodness and evil
Ethics and morality,Punishment and retribution
Ethics and morality,Ethical decision-making
Ethics and morality,Moral dilemmas
Ethics and morality,Ethics and law
Ethics and morality,Ethics and religion
Family and relationships,Parenting styles
Family and relationships,Child development
Family and relationships,Marriage and partnerships
Family and relationships,Divorce and separation
Family and relationships,Single-parent families
Family and relationships,Extended families
Family and relationships,Siblings and sibling rivalry
Family and relationships,Adoption and foster care
Family and relationships,Intergenerational relationships
Family and relationships,Gender roles in families
Family and relationships,Family dynamics and conflicts
Family and relationships,Communication within families
Family and relationships,Work-life balance
Family and relationships,Family traditions and customs
Family and relationships,Family values and beliefs
Family and relationships,Love and affection
Family and relationships,Trust and loyalty
Family and relationships,Friendship and social connections
Family and relationships,Dating and romantic relationships
Family and relationships,Long-distance relationships
Climate change,Greenhouse gas emissions
Climate change,Deforestation and land use
Climate change,Fossil fuels and renewable energy
Climate change,Carbon footprint and offsetting
Climate change,Sea level rise
Climate change,Ocean acidification
Climate change,Extreme weather events
Climate change,Climate change adaptation
Climate change,Climate change mitigation
Climate change,Climate change policy and regulation
Climate change,International climate agreements
Climate change,Climate change and biodiversity
Climate change,Climate change and human health
Climate change,Climate change and agriculture
Climate change,Climate change and migration
Climate change,Climate change and the economy
Climate change,Climate change and social justice
Climate change,Climate change and public opinion
Climate change,Climate change education and awareness
Climate change,Climate change denial and skepticism
Sports and recreation,Team sports
Sports and recreation,Individual sports
Sports and recreation,Outdoor activities and adventure sports
Sports and recreation,Fitness and exercise
Sports and recreation,Health benefits of sports and recreation
Sports and recreation,Sports injuries and prevention
Sports and recreation,Youth sports and development
Sports and recreation,Gender and sports
Sports and recreation,Sports psychology
Sports and recreation,Professional sports and athletes
Sports and recreation,Sports and national identity
Sports and recreation,Sports governance and regulation
Sports and recreation,Sports and technology
Sports and recreation,Sports and the media
Sports and recreation,Sports and the economy
Sports and recreation,Sports events and tourism
Sports and recreation,Sports ethics and fair play
Sports and recreation,Sports and doping
Sports and recreation,Sports and disabilities
Sports and recreation,Sports and culture
Personal development,Goal setting
Personal development,Time management
Personal development,Motivation and inspiration
Personal development,Emotional intelligence
Personal development,Stress management
Personal development,Mindfulness and meditation
Personal development,Communication skills
Personal development,Leadership and teamwork
Personal development,Conflict resolution
Personal development,Problem-solving and decision-making
Personal development,Self-esteem and confidence
Personal development,Resilience and coping with adversity
Personal development,Creativity and innovation
Personal development,Learning styles and strategies
Personal development,Personal finance and budgeting
Personal development,Career planning and development
Personal development,Networking and social skills
Personal development,Work-life balance
Personal development,Personal branding and self-promotion
Personal development,Personal growth and self-discovery